"","ID","Description","GeneRatio","BgRatio","pvalue","p.adjust","qvalue","geneID","Count"
"GO:0016887","GO:0016887","ATP hydrolysis activity","120/3369","412/18496",3.13264876812366e-08,3.18814339042975e-05,2.76256312396661e-05,"ATP2A3/VCP/RNF213/KIF5C/PSMC1/ABCA2/KIF20A/HSP90AB1/PSMC6/FIGN/ATP8B1/PSMC4/ATP9B/DHX37/EIF4A1/TAP2/NAV2/CHD3/PSMC5/PSMC3/IFIH1/CCT3/KIF17/DDX56/PIF1/KIF22/ABCC1/MCM9/ATAD3A/DHX38/UPF1/PMS1/HSPD1/ATP8B2/PSMC2/ABCA5/GPN1/HSP90AA1/DDX39A/CCT5/KIF23/ATRX/DDX41/KIF18B/XRCC6/DHX16/KIF21B/ABCF2/DDX23/KIF3A/MTREX/KIF14/KIF12/DNAH12/KIF21A/NLRP1/CCT6A/DDX10/NAV1/ATP13A2/ABCA3/XRCC5/RTEL1/KIF2C/WRN/ATAD3B/HSPA8/MCM3/RFC2/ABCG4/RUVBL2/GET3/CCT7/MCM6/ABCC4/DDX18/PEX1/DNAH3/CHD7/DDX54/DDX6/RUVBL1/TOR3A/ABCE1/ATP13A1/DDX21/TAP1/PFN2/RFC5/ATP7A/ABCB8/DDX1/TOR1B/SNRNP200/ABCB1/DHX57/NTPCR/NUBP1/DNAH2/INO80/KATNAL1/ATP2C1/DDX11/TWNK/ABCB4/NLRP3/ATP2A2/DHX40/ATP8B3/ATP2A1/DDX27/DDX20/HSPA1A/SMARCAD1/ABCF3/KATNAL2/CCT2/ATP10A/ATP1A3/ATP11B",120
"GO:0003713","GO:0003713","transcription coactivator activity","88/3369","280/18496",5.3180039873724e-08,3.18814339042975e-05,2.76256312396661e-05,"HCFC1/BRD8/ANKRD1/PDLIM1/PRMT2/KMT2D/TGFB1I1/PMF1/HMGA1/NCOA2/SMARCD1/RBPMS/HIPK2/WDR77/ARRB1/MED16/KAT5/NUPR1/ATN1/UBE2L3/KDM1A/HMGB1/SS18/MED24/WWTR1/HMGB2/FUS/YAP1/NOTCH1/TAF6L/CREBBP/TRIM21/BCL9L/CTBP1/NPAT/KAT6B/ARID1A/NME2/NIBAN2/FIZ1/ZMIZ2/HTATIP2/TRIM22/DYRK1A/PCBD1/TADA2B/ZMIZ1/TRIM8/TRIM14/TRIM28/PQBP1/SMARCB1/JUP/NCOA4/KMT2C/PPARGC1B/MTA3/IL31RA/MRTFA/USP16/PKN1/MED13/KAT6A/LDB1/RNF4/SUB1/RUVBL1/TRIM27/TAF5L/ASXL1/CIITA/MAML2/TRIM38/ENY2/TAF9/MED6/NUCKS1/NCOA6/TRIM13/NCOA3/SMARCD3/COPS5/ZXDC/TADA2A/ABT1/ACTN1/CTNNB1/ARID1B",88
"GO:0003779","GO:0003779","actin binding","124/3369","438/18496",1.07967055783764e-07,3.80918768206666e-05,3.30070518607594e-05,"PLEKHH2/CNN1/TNNC1/HIP1/CAP2/FLII/GBP1/LIMA1/GSN/PFN1/MAPT/PDLIM1/ALDOA/ANXA6/SAMD14/CGN/S100A4/SMTN/MYO6/MICAL2/PARVA/TPM3/EGFR/LIMD2/NEXN/MSN/TAGLN/TAGLN2/ABLIM3/KCNMA1/ANXA8/CORO1B/ADSS1/MSRB1/EPS8L2/TMEM201/COBLL1/SHROOM4/CORO1C/CLMN/WDR1/PLS1/CFL1/DIAPH1/LASP1/SYNPO/AFAP1/WASH6P/TNNI3/PDLIM7/ARPC4/ACTR3C/SYNE2/MYH14/CORO1A/FXYD5/ENC1/TPM4/AJUBA/EVL/ABL2/MAP1A/SHANK3/DIXDC1/SCIN/PLS3/MICAL3/CNN2/ESPNL/MIB2/ESPN/MRTFA/TLNRD1/FERMT1/SORBS1/FKBP15/MYO1F/FSCN1/TMOD1/MARCKSL1/FLNA/PHPT1/ABLIM2/SPTBN5/TMOD2/PRKCE/DAG1/EZR/WIPF1/PALLD/CAMSAP3/MACF1/ARPC5/MYBPC2/FHOD1/GAS2L3/EPB41/DMD/CAPZA1/PFN2/DBNL/FMN2/SPIRE1/ARPC3/STK38L/CYFIP1/FLNC/INO80/SYNE3/CALD1/ADD1/PAWR/VASP/EPB41L2/SNTB1/PLEC/RAI14/LRRK2/LCP1/ACTR3/BCL7B/TMSB15A/ACTN1/TMSB10",124
"GO:0043021","GO:0043021","ribonucleoprotein complex binding","59/3369","168/18496",1.27078821753684e-07,3.80918768206666e-05,3.30070518607594e-05,"RBM3/NEAT1/GTPBP6/EIF5A/IFIH1/EIF6/MTOR/CPSF6/MAIP1/CPEB1/LETM2/TACO1/MTIF2/PES1/ERAL1/SNRPA/EIF5A2/NOPCHAP1/PTCD3/EIF1/GCN1/TIMM50/NME1/DNAJC2/PRPF6/HABP4/SND1/PRPF31/DERL1/PYM1/CD2BP2/CBX5/PRMT5/CCDC47/PQBP1/LARP1/PPIH/SEC61A2/NCLN/IFRD2/USP16/SLFN12/TMEM147/CINP/SRP68/ABCE1/LIN28A/SNRPB2/ITCH/SEC61A1/DERL2/LTN1/RNASEL/SHFL/GEMIN5/YTHDF3/SRP72/PPP1CA/RBM39",59
"GO:0044389","GO:0044389","ubiquitin-like protein ligase binding","97/3369","327/18496",2.53324251789731e-07,6.07471555791775e-05,5.26381129508346e-05,"CCNB1/VCP/CKB/AURKA/TUBA1B/NGFR/HSP90AB1/LYN/SUMO3/NKD2/CD40/CDKN1A/UBE2C/CLU/TUBB/ERBB3/DTX3L/DAZAP2/ARRB2/YWHAZ/LAPTM4B/PSMD1/RBX1/ARRB1/PRKAR1A/EGFR/HM13/TXNIP/CUL1/UBE2L3/NPLOC4/USP2/HSPBP1/TNFRSF1B/CUL4A/OTUB1/RIPK1/HSPD1/HGS/RALB/LTBR/PINK1/HLTF/PML/HSP90AA1/SMG5/TPI1/UBE2A/PARP9/DNAJA1/CEBPB/AUP1/UBB/CCDC50/TGFBR1/DERL1/PRDX6/PA2G4/MOAP1/LOC102724560/TRIM28/LAPTM5/SLC25A5/XRCC5/PATZ1/BAG2/BLZF1/HSPA8/ANAPC2/ARRDC1/PIAS4/POLR2A/CALR/MFN2/CAMLG/TRAF6/DDRGK1/ACTG1/MAP1LC3C/ITCH/NFKBIA/ABCB1/MUL1/GPR37/PSMA3/USP25/CASP10/TNK2/UCHL1/GPI/EIF4E2/HSPA1A/FBXO7/RRAGA/CASP8/CTNNB1/CCT2",97
"GO:0045296","GO:0045296","cadherin binding","98/3369","334/18496",3.86130205739382e-07,7.71616861135865e-05,6.6861493520135e-05,"PSMB6/CDH6/HCFC1/EIF4G2/NOTCH3/LIMA1/PKM/HSP90AB1/PFN1/PKP3/PDLIM1/RAN/ALDOA/CGN/AHNAK/GPRC5A/CLIC1/S100A11/PARVA/YWHAZ/LDHA/EGFR/UBFD1/ENO1/TAGLN2/CORO1B/RAB11B/SH3GLB2/EPS8L2/EIF5/TJP2/COBLL1/CDH24/YWHAB/BAIAP2/CCNB2/PPL/PUF60/BAG3/H1-10/ANXA2/AHSA1/NUDC/MAPRE1/LASP1/GCN1/NIBAN2/EPCAM/EXOC3/P2RX4/RPS26/SND1/PAK4/PRDX6/SH3GLB1/FXYD5/PAK6/EEF1D/LARP1/JUP/BSG/CNN2/EVPL/HSPA8/PCBP1/ACVR1/PTPRM/MMP24/FSCN1/MICALL1/GOLGA3/FLNA/ARFIP2/CHMP4B/EEF1G/DLG1/EZR/MACF1/DDX6/RUVBL1/CAPZA1/CSNK1D/DBNL/YKT6/CIP2A/CBL/CALD1/ADD1/PKP4/VASP/PLEC/VAPB/CC2D1A/HSPA1A/ESYT2/PPP1CA/ABCF3/CTNNB1",98
"GO:0003714","GO:0003714","transcription corepressor activity","64/3369","194/18496",5.11837454736977e-07,8.7670444032805e-05,7.59674538083302e-05,"DNMT3B/PARP10/HDGF/PHB1/ANKRD1/HDAC7/HMGA2/HDAC1/RCOR2/HIPK2/SFMBT1/ENO1/PARP14/ATN1/HMGB1/WWTR1/NCOA5/TCF25/YAP1/NSD1/ARK2N/CNOT7/PARP9/CREBBP/NOC2L/CTBP1/NPAT/TRIM22/KDM5B/PA2G4/LCOR/PRMT5/NCOR2/TRIM28/AJUBA/FHL2/HSBP1/PIAS4/MTA3/RUVBL2/ZMYND11/MYBBP1A/ZMYND8/HIRA/MIDEAS/DDX54/HDAC9/JAZF1/DMAP1/SRSF2/LMCD1/UXT/CASP8AP2/PEX14/PFDN5/PAWR/RBFOX2/NIPBL/ZNF451/HSPA1A/BCORL1/DPF2/BTG2/TLE2",64
"GO:0031625","GO:0031625","ubiquitin protein ligase binding","88/3369","308/18496",4.88509857363106e-06,0.000732154148722955,0.000634420038443928,"VCP/CKB/AURKA/TUBA1B/NGFR/HSP90AB1/LYN/NKD2/CD40/CDKN1A/CLU/TUBB/ERBB3/DAZAP2/ARRB2/YWHAZ/LAPTM4B/PSMD1/RBX1/ARRB1/PRKAR1A/EGFR/HM13/TXNIP/CUL1/UBE2L3/NPLOC4/USP2/HSPBP1/TNFRSF1B/CUL4A/OTUB1/RIPK1/HSPD1/RALB/LTBR/PINK1/HLTF/PML/HSP90AA1/SMG5/TPI1/UBE2A/DNAJA1/AUP1/UBB/CCDC50/TGFBR1/DERL1/PRDX6/PA2G4/MOAP1/LOC102724560/TRIM28/LAPTM5/SLC25A5/XRCC5/PATZ1/BAG2/BLZF1/HSPA8/ANAPC2/ARRDC1/PIAS4/POLR2A/CALR/MFN2/CAMLG/TRAF6/ACTG1/MAP1LC3C/NFKBIA/ABCB1/MUL1/GPR37/PSMA3/USP25/CASP10/TNK2/UCHL1/GPI/EIF4E2/HSPA1A/FBXO7/RRAGA/CASP8/CTNNB1/CCT2",88
"GO:0051015","GO:0051015","actin filament binding","64/3369","208/18496",7.23430530924651e-06,0.00096377022953184,0.000835118051488456,"CNN1/TNNC1/HIP1/FLII/LIMA1/GSN/ANXA6/SAMD14/MYO6/TPM3/EGFR/LIMD2/NEXN/TAGLN2/ABLIM3/ANXA8/CORO1B/ADSS1/TMEM201/SHROOM4/CORO1C/CLMN/WDR1/PLS1/CFL1/LASP1/TNNI3/ARPC4/ACTR3C/MYH14/CORO1A/TPM4/AJUBA/ABL2/SCIN/PLS3/CNN2/ESPNL/ESPN/FERMT1/MYO1F/FSCN1/MARCKSL1/FLNA/PHPT1/ABLIM2/SPTBN5/EZR/CAMSAP3/MACF1/ARPC5/FHOD1/GAS2L3/CAPZA1/DBNL/ARPC3/CYFIP1/FLNC/SYNE3/ADD1/PLEC/LCP1/ACTR3/ACTN1",64
"GO:0005525","GO:0005525","GTP binding","103/3369","382/18496",1.31005217103081e-05,0.00157075255306594,0.00136107525558674,"TUBB4A/LANCL2/TUBA1B/GBP1/GBP3/GTPBP6/RRAS/TUBB3/MX1/RAN/ANXA6/TUBA1C/RAB3B/RAB31/DIRAS1/TUBB6/RCC1L/RAB34/TUBA1A/TUBB4B/TUBB/MRAS/RAB21/AGAP2/RAB29/TUBB2B/NPR1/ADSS1/RAB11B/AK3/GNAQ/ARHGEF5/RAB7B/EIF5/RALB/ARHGAP35/THG1L/EEF1A2/MX2/TSR1/GPN1/HSP90AA1/MTIF2/RHOC/ERAL1/GBP2/RAB17/MTG2/ARL4D/SEPTIN3/GPN2/RTCB/NME1/TUBA4A/GBP5/NRAS/TGM2/RAB37/IFT27/RAB42/RRAGD/TUBB2A/EFTUD2/ARL4C/BMS1/SAR1B/GNAO1/SEPHS1/RANBP17/RHEBL1/ARL3/GNL3L/IRGM/RAB13/RHOV/RHOB/MFN2/ARFIP2/MFN1/SEPTIN6/ATL2/EHD3/SEPTIN4/RRAGB/GNAZ/GNAS/DNM3/ARF1/CIITA/OPA1/INSR/ATL1/RAB24/RAB27A/RAB6B/RAB36/ARF5/GNL3/AGAP3/LRRK2/RAB6A/PIP4K2B/RRAGA",103
"GO:0033218","GO:0033218","amide binding","107/3369","405/18496",2.31594610723049e-05,0.00252438125688124,0.00218740555773827,"LRP1/ERAP2/NGFR/HSP90AB1/TUBB3/FKBP7/EPDR1/TAP2/PSAP/CLU/HLA-DMB/INHBA/ECE1/KDELR3/LAPTM4B/PRNP/GPR37L1/IPO4/SLC40A1/KPNA4/NPR1/KPNA2/LRPAP1/FOLR1/APOE/ITM2C/FBXO2/HLA-DMA/VBP1/KPNB1/SLC7A5/TNPO1/ACADVL/FKBP10/LRP8/TYMS/PLTP/PLA2G4A/PPIA/CRYAB/MICB/NPR3/MCCC1/HLA-DQB1/NUP214/PEX19/AP2M1/POM121/SRD5A1/GRIA4/PC/GRIN2D/ACOT7/GCDH/HLA-DRB1/SLC46A1/PPIH/ACHE/AP2B1/EPHB2/UROS/LNPEP/SEC61A2/TAPBP/ACVR1/CLTA/PIK3R1/CLN8/CALR/BABAM2/SRP14/CLSTN1/CALCRL/MAPK8IP2/FKBP1B/PFDN6/PTH1R/SRP68/FKBP2/ACBD4/HLA-A/SLC1A1/SCARB1/CST3/TAP1/GRIN1/PHB2/OXTR/NFKBIA/INSR/TIMM22/PPIF/PEX5/SEC61A1/DBI/GPR37/PGRMC1/IPO5/PPIL1/PFDN5/CD74/MSR1/B2M/DHFR/NFATC1/POM121C/ATP1A3",107
"GO:0005048","GO:0005048","signal sequence binding","21/3369","47/18496",2.59432497473616e-05,0.00259216303725721,0.00224613925444262,"KDELR3/IPO4/KPNA4/KPNA2/KPNB1/TNPO1/NUP214/PEX19/AP2M1/POM121/AP2B1/SEC61A2/BABAM2/SRP14/SRP68/NFKBIA/TIMM22/PEX5/SEC61A1/IPO5/POM121C",21
"GO:0019001","GO:0019001","guanyl nucleotide binding","106/3369","403/18496",3.07951017328898e-05,0.00263738049840963,0.00228532070754603,"TUBB4A/CNGB1/LANCL2/TUBA1B/GBP1/GBP3/GTPBP6/RRAS/TUBB3/MX1/RAN/ANXA6/TUBA1C/RAB3B/RAB31/DIRAS1/TUBB6/RCC1L/RAB34/TUBA1A/TUBB4B/TUBB/MRAS/RAB21/AGAP2/RAB29/TUBB2B/NPR1/ADSS1/RAB11B/AK3/GNAQ/ARHGEF5/RAB7B/EIF5/RALB/ARHGAP35/THG1L/EEF1A2/MX2/TSR1/GPN1/HSP90AA1/MTIF2/RHOC/ERAL1/GBP2/RAB17/NME2/MTG2/ARL4D/SEPTIN3/GPN2/RTCB/NME1/TUBA4A/GBP5/NRAS/TGM2/RAB37/IFT27/RAB42/RRAGD/TUBB2A/EFTUD2/ARL4C/BMS1/SAR1B/DYNC1LI1/GNAO1/SEPHS1/RANBP17/RHEBL1/ARL3/GNL3L/IRGM/RAB13/RHOV/RHOB/MFN2/ARFIP2/MFN1/SEPTIN6/ATL2/EHD3/SEPTIN4/RRAGB/GNAZ/GNAS/DNM3/ARF1/CIITA/OPA1/INSR/ATL1/RAB24/RAB27A/RAB6B/RAB36/ARF5/GNL3/AGAP3/LRRK2/RAB6A/PIP4K2B/RRAGA",106
"GO:0032561","GO:0032561","guanyl ribonucleotide binding","106/3369","403/18496",3.07951017328898e-05,0.00263738049840963,0.00228532070754603,"TUBB4A/CNGB1/LANCL2/TUBA1B/GBP1/GBP3/GTPBP6/RRAS/TUBB3/MX1/RAN/ANXA6/TUBA1C/RAB3B/RAB31/DIRAS1/TUBB6/RCC1L/RAB34/TUBA1A/TUBB4B/TUBB/MRAS/RAB21/AGAP2/RAB29/TUBB2B/NPR1/ADSS1/RAB11B/AK3/GNAQ/ARHGEF5/RAB7B/EIF5/RALB/ARHGAP35/THG1L/EEF1A2/MX2/TSR1/GPN1/HSP90AA1/MTIF2/RHOC/ERAL1/GBP2/RAB17/NME2/MTG2/ARL4D/SEPTIN3/GPN2/RTCB/NME1/TUBA4A/GBP5/NRAS/TGM2/RAB37/IFT27/RAB42/RRAGD/TUBB2A/EFTUD2/ARL4C/BMS1/SAR1B/DYNC1LI1/GNAO1/SEPHS1/RANBP17/RHEBL1/ARL3/GNL3L/IRGM/RAB13/RHOV/RHOB/MFN2/ARFIP2/MFN1/SEPTIN6/ATL2/EHD3/SEPTIN4/RRAGB/GNAZ/GNAS/DNM3/ARF1/CIITA/OPA1/INSR/ATL1/RAB24/RAB27A/RAB6B/RAB36/ARF5/GNL3/AGAP3/LRRK2/RAB6A/PIP4K2B/RRAGA",106
"GO:0140098","GO:0140098","catalytic activity, acting on RNA","104/3369","395/18496",3.48489344060818e-05,0.0027855914901928,0.00241374724623177,"MEPCE/KARS1/DHX37/EIF4A1/TYW3/POP1/DUS3L/DCPS/IFIH1/USB1/DDX56/PIF1/DHX38/UPF1/RTCA/EXOSC10/ELAC2/TRMT1/DROSHA/THG1L/POP4/DDX39A/CNOT7/AGO4/POLR2C/PRORP/KHNYN/DDX41/TOE1/TRMT2B/PTRHD1/POLR2F/VARS2/DHX16/RPP21/PNPT1/DDX23/RTCB/MTREX/PLD6/AARS1/SND1/PRIM1/EMG1/RPP30/POLR3G/EXOSC3/POLR1B/BUD23/DDX10/HARS1/POLR1A/NOB1/WARS2/TSR3/ALKBH3/SLFN13/TRMT61A/POLR2A/PAN3/SLFN12/MRPL58/DDX18/MBLAC1/NSUN4/TRMU/RNASET2/DDX54/WARS1/DDX6/QTRT1/QTRT2/LARS2/METTL3/DDX21/ERN1/DUS1L/ANGEL2/NUDT16/PPP1R8/LACTB2/DDX1/SNRNP200/GATB/CNOT6L/METTL1/DHX57/PUS1/NOP2/CMTR2/EARS2/RNASEL/EXO1/DHX40/DDX27/ALKBH5/ZC3H12B/POLR2J/CNOT1/DDX20/CNOT2/YARS2/GARS1/RLIG1",104
"GO:0015631","GO:0015631","tubulin binding","100/3369","379/18496",4.46052719068957e-05,0.00334260756352299,0.00289640811658592,"ATF5/MAP2/KIF5C/KIF20A/PLK1/GJA1/SPAG5/MAPT/TERF1/MX1/ALDOA/LYN/CGN/KIF4A/REEP2/TTLL6/FSD1/KIF17/FAM83D/RCC2/PRNP/KLC3/KIF22/MAST1/DYNC1I1/GAPDH/PSRC1/GTSE1/EML6/MARK4/RAE1/VBP1/AGTPBP1/HSPH1/MAPRE3/MX2/CCT5/KIF23/KIF18B/DLGAP5/MAPRE1/NUSAP1/EFHC1/TIAM1/MAP4K4/WASH6P/CRYAB/KIF21B/KIF3A/FEZ1/KIF14/KIF12/KNSTRN/RITA1/KIF21A/RACGAP1/TOGARAM1/ARL4C/MAP1A/FYN/BIRC5/DIXDC1/ARL3/REEP4/KIF2C/DIP2B/TUBGCP6/RABGAP1/CCDC69/ABRAXAS1/NISCH/CENPF/TTLL12/TBCB/BEX4/DAG1/EZR/MTUS1/CAMSAP3/MACF1/CCDC88B/STMN1/GAS2L3/SSNA1/BLOC1S2/DNM3/OPA1/STRBP/UXT/INO80/KATNAL1/CETN2/PEX14/TBCA/PDCD5/VAPB/LRRK2/EML5/OGG1/KATNAL2",100
"GO:0043022","GO:0043022","ribosome binding","37/3369","109/18496",6.15189158355386e-05,0.00433889294628299,0.00375970092443818,"RBM3/GTPBP6/EIF5A/EIF6/MTOR/CPSF6/MAIP1/CPEB1/LETM2/TACO1/MTIF2/ERAL1/EIF5A2/PTCD3/EIF1/GCN1/NME1/DNAJC2/HABP4/PYM1/CCDC47/LARP1/SEC61A2/NCLN/IFRD2/USP16/SLFN12/TMEM147/SRP68/ABCE1/LIN28A/SEC61A1/LTN1/SHFL/GEMIN5/YTHDF3/SRP72",37
"GO:0051020","GO:0051020","GTPase binding","84/3369","313/18496",9.39189163782927e-05,0.00625604337430961,0.00542093394534356,"CAV1/NGFR/PFN1/MAPKAP1/RAB34/RIN1/RCC2/GDI1/RAP1GAP/RAB29/IPO4/ENO1/CYRIA/SOD1/RAB11FIP1/ALS2CL/RPTOR/MAP3K11/KPNB1/TNPO1/CIB1/CORO1C/HSP90AA1/CDC42SE1/IPO11/DIAPH1/CDC42BPB/RAB3GAP1/KIF3A/RBSN/AKAP13/STRIP1/BICDL1/DOCK5/PPP6R1/RRAGD/POU4F1/RASA1/RANBP17/YBX1/SYTL4/BIRC5/SGSM3/NCKAP1/RUSC2/RABGAP1/EVI5L/FGD2/CLTA/NOXA1/RIMS3/PLCE1/AP3M1/MICALL1/RIN3/PKN1/FLNA/ARFIP2/FARP1/RAB11FIP3/FGD1/AIMP1/RNF41/RRAGB/TNPO3/RASIP1/ANKRD27/TBC1D30/ATP7A/PEX5/CYFIP1/RILP/CSE1L/IPO5/NPC1L1/STOML2/UNC13D/LRRK2/LCP1/CYFIP2/DOCK3/DOCK7/RAB11FIP4/IPO8",84
"GO:0003924","GO:0003924","GTPase activity","88/3369","333/18496",0.000116952088451318,0.00738029231858579,0.00639510865936015,"TUBB4A/TUBA1B/GBP1/GBP3/RRAS/TUBB3/MX1/RAN/RAB3B/RAB31/DIRAS1/TUBB6/RAB34/TUBB4B/TUBB/MRAS/RAB21/AGAP2/RAP1GAP/RAB29/GNG5/TUBB2B/RGS11/ADSS1/RAB11B/GNAQ/RAB7B/RALB/ARHGAP35/EEF1A2/MX2/TSR1/GPN1/MTIF2/RHOC/GBP2/RAB17/MTG2/ARL4D/SEPTIN3/GPN2/GBP5/GNG11/NRAS/RAB37/IFT27/RAB42/RRAGD/TUBB2A/EFTUD2/RASA1/ARL4C/BMS1/SAR1B/GNAO1/RHEBL1/ARL3/IRGM/RAB13/RHOV/RHOB/MFN2/MFN1/SEPTIN6/RGS10/ATL2/RGS9/SEPTIN4/ABCE1/RRAGB/GNAZ/GNAS/DNM3/ARF1/GNGT2/OPA1/ATL1/RAB24/RAB27A/RAB6B/NTPCR/RAB36/RGS3/ARF5/AGAP3/LRRK2/RAB6A/RRAGA",88
"GO:0030674","GO:0030674","protein-macromolecule adaptor activity","107/3369","421/18496",0.000125511573142194,0.00752441880987454,0.00651999593112346,"CAV1/HCFC1/NEAT1/HIP1/PSMC6/MAPT/HNRNPA1/HNRNPA2B1/AP1M2/DTX3L/LAT/WDR77/PRNP/DCAF7/CUL1/MAVS/GRIP1/ANAPC7/CUL4A/MARK4/SKP1/PEF1/COL14A1/TJP2/FUS/RPTOR/CAV2/NCSTN/CIB1/BAIAP2/GOSR1/VAMP3/STX10/KEAP1/APH1A/NHERF1/CAPRIN1/COL8A2/KHDRBS1/KLHL22/PDZK1/ARPC4/VHL/CARD10/AKAP13/TRIM22/VTI1B/NLRP1/PEX3/AP2M1/SYNE2/CBX5/SNAP25/STX4/FLRT3/GAS6/IRS2/PSMD10/RETREG2/OBSL1/MAP1A/FEM1C/SHANK3/JUP/AP2B1/EPC1/CARD8/HSPA8/IRGM/ARRDC1/TIAL1/KSR1/SORBS1/PIK3R1/DCAF1/FSCN1/AP1G2/MAPK8IP2/GAS2L3/NDC80/LIN28A/IFNAR2/YKT6/STX3/NDC1/FBXL19/PIH1D1/SYNE3/UBQLN2/PEX14/FBXO45/NLRP3/DTL/PEX26/NUP62/NMNAT1/LRRK2/SHANK1/SARM1/DDX20/FBXO7/RRAGA/SOS1/PPP4R2/SPAG9/SUN1/NAPB",107
"GO:0004386","GO:0004386","helicase activity","47/3369","154/18496",0.000139059606843809,0.00793964136217746,0.00687979107543054,"DHX37/EIF4A1/NAV2/CHD3/IFIH1/DDX56/PIF1/MCM9/DHX38/TTF2/UPF1/CHTF8/HLTF/DDX39A/ATRX/DDX41/XRCC6/DHX16/HELLS/DDX23/MTREX/DDX10/HELZ/XRCC5/RTEL1/WRN/MCM3/RFC2/RUVBL2/MCM6/DDX18/CHD7/DDX54/POLQ/DDX6/RUVBL1/DDX21/RFC5/DDX1/SNRNP200/DHX57/DDX11/TWNK/DHX40/DDX27/DDX20/SMARCAD1",47
"GO:0030515","GO:0030515","snoRNA binding","15/3369","32/18496",0.000191070495177884,0.00996058798775145,0.00863096470208567,"DHX37/RRP9/NHP2/TSR1/HEATR1/NUDT5/BMS1/XRCC5/TBL3/DKC1/PRKDC/DDX21/NUDT16/IMP4/WDR3",15
"GO:0140142","GO:0140142","nucleocytoplasmic carrier activity","15/3369","32/18496",0.000191070495177884,0.00996058798775145,0.00863096470208567,"RAN/EIF4ENIF1/IPO4/KPNA4/KPNA2/KPNB1/TNPO1/IPO11/SNUPN/NUP214/RANBP17/CALR/TNPO3/CSE1L/IPO5",15
"GO:0008017","GO:0008017","microtubule binding","73/3369","273/18496",0.000292628407062379,0.0145010371531426,0.0125653164217126,"MAP2/KIF5C/KIF20A/PLK1/SPAG5/MAPT/TERF1/MX1/CGN/KIF4A/REEP2/FSD1/KIF17/FAM83D/RCC2/PRNP/KLC3/KIF22/MAST1/DYNC1I1/GAPDH/PSRC1/GTSE1/EML6/MARK4/RAE1/MAPRE3/MX2/KIF23/KIF18B/DLGAP5/MAPRE1/NUSAP1/TIAM1/MAP4K4/CRYAB/KIF21B/KIF3A/KIF14/KIF12/KNSTRN/KIF21A/RACGAP1/TOGARAM1/MAP1A/BIRC5/ARL3/REEP4/KIF2C/TUBGCP6/CCDC69/ABRAXAS1/CENPF/TBCB/EZR/MTUS1/CAMSAP3/MACF1/CCDC88B/GAS2L3/SSNA1/DNM3/OPA1/STRBP/UXT/KATNAL1/CETN2/PEX14/VAPB/LRRK2/EML5/OGG1/KATNAL2",73
"GO:0140993","GO:0140993","histone modifying activity","57/3369","202/18496",0.000302356904777785,0.0145010371531426,0.0125653164217126,"PADI2/AURKA/JADE2/BUB1/PRMT2/HDAC7/KDM1B/KMT2D/HDAC1/DTX3L/SIRT2/KAT5/KDM1A/NSD1/RPS6KA4/KDM7A/UBE2A/CREBBP/KDM2A/METTL21A/KAT6B/HDAC5/KMT2B/MSL3/KDM2B/KDM3A/PRMT1/SMYD2/BAP1/DYRK1A/KDM5B/PRKAA2/TGM2/MCM3AP/KDM3B/PRMT5/RNF168/KDM8/KMT2C/HR/SETD1A/DCAF1/USP16/PKN1/SUV39H1/KAT6A/HDAC9/KMT5C/EEF2KMT/WDR5/JARID2/FBXL19/TAF9/BRPF3/NCOA3/JAK2/TADA2A",57
"GO:0034511","GO:0034511","U3 snoRNA binding","7/3369","10/18496",0.000473025676647467,0.0218137610115505,0.0189018762287875,"DHX37/RRP9/TSR1/BMS1/XRCC5/TBL3/PRKDC",7
"GO:0140104","GO:0140104","molecular carrier activity","31/3369","95/18496",0.000513356850916691,0.0227968468240412,0.0197537314563265,"RAN/EIF4ENIF1/CLU/IPO4/KPNA4/MYD88/KPNA2/PWP1/KPNB1/TNPO1/EMC4/BAG3/IPO11/SNUPN/NUP214/PEX19/RANBP17/HSPA8/GET3/NUBPL/CALR/EMC7/URM1/TNPO3/ATP7A/PEX5/NUBP1/HBQ1/CSE1L/IPO5/CYGB",31
"GO:0005200","GO:0005200","structural constituent of cytoskeleton","35/3369","112/18496",0.000578226078079763,0.0247604667006298,0.021455230791907,"TUBB4A/KRT19/HIP1/TUBA1B/TUBB3/TUBA1C/TUBB6/LMNB1/TUBA1A/TUBB4B/TUBB/MSN/ACTBL2/TUBB2B/VIM/LMNA/PLS1/PPL/SORBS3/ARPC4/TUBA4A/DES/TUBB2A/HLA-DRB1/ACTB/POTEF/ARPC5/EPB41/DMD/DBNL/ACTG1/ARPC3/LMNB2/PLEC/ACTR3",35
"GO:0043548","GO:0043548","phosphatidylinositol 3-kinase binding","12/3369","25/18496",0.000640865852877672,0.0264964881931148,0.0229595134951093,"GSN/PTPN13/CORO1A/IRS2/PIK3AP1/PIK3R1/AXL/TYRO3/INSR/CBL/FAM83A/JAK2",12
"GO:0061134","GO:0061134","peptidase regulator activity","61/3369","228/18496",0.00086556490150317,0.0345937438967433,0.0299758792204782,"TIMP2/CAV1/SERPINE1/ATP2A3/VCP/CRB2/ABCA2/SPINT1/CTSH/SERPINE2/PSMD14/CTSV/SERPINH1/COL7A1/SERPINB8/SERPINF2/TFPI2/SERPINA6/SPINT2/PRNP/RECK/PTTG1/GAPDH/BIRC7/ADRM1/PINK1/C3/PAPLN/WFDC2/SERPINF1/ANXA2/APLP2/APH1A/GBP2/PSENEN/CTSL/GBP5/NLRP1/PSME2/CRIM1/SERPINA1/CSTA/BIRC5/SERPINI1/CARD8/USP14/PSMF1/C4A/PCOLCE2/RENBP/SERPINB6/CST3/BEX3/SERPINB7/SERPINB1/CASP8AP2/SPOCK1/C5/NLRP3/SSPOP/FBLN1",61
"GO:0031267","GO:0031267","small GTPase binding","72/3369","281/18496",0.00117050649520009,0.0452721705724165,0.0392288594486415,"CAV1/NGFR/PFN1/MAPKAP1/RAB34/RIN1/RCC2/GDI1/RAP1GAP/RAB29/IPO4/CYRIA/SOD1/RAB11FIP1/ALS2CL/RPTOR/MAP3K11/KPNB1/TNPO1/CIB1/CORO1C/CDC42SE1/IPO11/DIAPH1/CDC42BPB/RAB3GAP1/KIF3A/RBSN/AKAP13/STRIP1/BICDL1/DOCK5/PPP6R1/RANBP17/SYTL4/BIRC5/SGSM3/NCKAP1/RUSC2/RABGAP1/EVI5L/FGD2/NOXA1/RIMS3/PLCE1/AP3M1/MICALL1/RIN3/PKN1/FLNA/ARFIP2/FARP1/RAB11FIP3/FGD1/RNF41/TNPO3/ANKRD27/TBC1D30/ATP7A/PEX5/CYFIP1/RILP/CSE1L/IPO5/NPC1L1/UNC13D/LRRK2/CYFIP2/DOCK3/DOCK7/RAB11FIP4/IPO8",72
"GO:0008525","GO:0008525","phosphatidylcholine transporter activity","9/3369","17/18496",0.00128845648421921,0.0482768538930884,0.0418324523001433,"ATP8B1/ATP8B2/PLTP/ABCA3/PCTP/PITPNB/ABCB1/ABCB4/ATP10A",9
"GO:0016504","GO:0016504","peptidase activator activity","19/3369","52/18496",0.00135419865994595,0.0492025513113696,0.042634579820308,"CAV1/ATP2A3/VCP/CTSH/PSMD14/CTSV/ADRM1/PINK1/APH1A/PSENEN/CTSL/NLRP1/PSME2/CARD8/PCOLCE2/BEX3/CASP8AP2/NLRP3/FBLN1",19
